               epoch,      train/box_loss,      train/obj_loss,      train/cls_loss,   metrics/precision,      metrics/recall,     metrics/mAP_0.5,metrics/mAP_0.5:0.95,        val/box_loss,        val/obj_loss,        val/cls_loss,               x/lr0,               x/lr1,               x/lr2
                   0,             0.10706,               0.019,                   0,           0.0025074,             0.03646,          0.00090461,          0.00019302,            0.098153,            0.012977,                   0,             0.00082,             0.00082,             0.09262
                   1,            0.088848,            0.018637,                   0,            0.063608,            0.062301,             0.01408,           0.0032578,            0.083087,            0.012838,                   0,             0.00165,             0.00165,             0.08515
                   2,            0.077771,            0.019161,                   0,             0.11561,             0.16354,            0.049355,            0.012994,            0.071011,            0.012847,                   0,           0.0024798,           0.0024798,             0.07768
                   3,            0.071721,            0.017678,                   0,             0.35128,             0.24071,             0.19773,            0.059394,            0.064434,            0.011148,                   0,           0.0033093,           0.0033093,            0.070209
                   4,            0.068213,            0.016246,                   0,             0.38458,             0.34066,              0.2675,            0.088114,            0.060076,            0.010856,                   0,           0.0041385,           0.0041385,            0.062739
                   5,             0.06563,            0.015018,                   0,             0.37851,             0.30915,             0.24272,            0.071702,            0.063967,            0.010155,                   0,           0.0049673,           0.0049673,            0.055267
                   6,            0.065404,            0.014864,                   0,             0.46652,             0.42655,             0.35734,             0.11532,            0.057378,           0.0092865,                   0,           0.0057954,           0.0057954,            0.047795
                   7,            0.062719,            0.014727,                   0,             0.51006,             0.36637,             0.35177,             0.12132,            0.056907,           0.0095059,                   0,           0.0066229,           0.0066229,            0.040323
                   8,            0.061639,            0.014189,                   0,             0.45594,             0.34973,             0.32594,             0.10123,            0.061091,            0.010015,                   0,           0.0074495,           0.0074495,             0.03285
                   9,            0.059839,            0.013893,                   0,              0.4903,              0.4131,             0.38525,             0.13844,            0.056202,            0.009326,                   0,           0.0082753,           0.0082753,            0.025375
                  10,            0.059628,            0.014095,                   0,             0.55379,             0.35611,              0.3539,             0.11759,            0.056639,           0.0098912,                   0,              0.0091,              0.0091,              0.0179
                  11,            0.059019,            0.013876,                   0,             0.44943,             0.38265,             0.34052,             0.12126,            0.056161,            0.011128,                   0,           0.0099236,           0.0099236,            0.010424
                  12,            0.058944,            0.013794,                   0,              0.5503,             0.43446,             0.42913,             0.15798,            0.055152,           0.0096295,                   0,           0.0099685,           0.0099685,           0.0099685
                  13,            0.057563,             0.01349,                   0,             0.53451,             0.43004,             0.42907,             0.15505,            0.055836,           0.0088363,                   0,           0.0099685,           0.0099685,           0.0099685
                  14,            0.056755,            0.013508,                   0,             0.62231,             0.46442,             0.48586,             0.16316,            0.053335,           0.0085839,                   0,            0.009963,            0.009963,            0.009963
                  15,            0.056001,            0.013153,                   0,             0.61064,             0.42973,             0.44812,             0.15977,            0.055228,           0.0084479,                   0,           0.0099571,           0.0099571,           0.0099571
                  16,            0.055225,            0.012891,                   0,             0.64779,              0.5469,             0.56877,             0.20773,            0.050589,           0.0083982,                   0,           0.0099508,           0.0099508,           0.0099508
                  17,            0.053882,            0.012777,                   0,             0.67897,              0.5076,             0.55028,             0.20494,             0.05068,           0.0082149,                   0,            0.009944,            0.009944,            0.009944
                  18,             0.05346,            0.013153,                   0,             0.61299,             0.48071,             0.48542,             0.17164,             0.05492,            0.009486,                   0,           0.0099368,           0.0099368,           0.0099368
                  19,            0.052789,            0.012501,                   0,             0.67291,             0.59115,             0.60245,             0.22674,             0.04922,           0.0074937,                   0,           0.0099291,           0.0099291,           0.0099291
                  20,            0.052956,            0.012646,                   0,             0.69998,             0.58721,             0.63466,             0.24068,            0.048405,           0.0074565,                   0,           0.0099211,           0.0099211,           0.0099211
                  21,            0.052118,            0.012612,                   0,             0.74338,             0.54867,             0.61231,             0.23591,            0.048349,           0.0076197,                   0,           0.0099126,           0.0099126,           0.0099126
                  22,            0.051347,             0.01217,                   0,             0.72208,             0.57391,             0.64014,             0.25086,            0.048328,            0.007282,                   0,           0.0099037,           0.0099037,           0.0099037
                  23,            0.051461,            0.012253,                   0,             0.72299,             0.61097,             0.66006,             0.27311,            0.046267,           0.0069791,                   0,           0.0098943,           0.0098943,           0.0098943
                  24,            0.050406,            0.012192,                   0,             0.74285,             0.63298,             0.68709,             0.28563,            0.045782,           0.0073039,                   0,           0.0098845,           0.0098845,           0.0098845
                  25,            0.050186,            0.012148,                   0,             0.71865,             0.59856,             0.65337,             0.25955,            0.046155,           0.0072721,                   0,           0.0098743,           0.0098743,           0.0098743
                  26,            0.050145,            0.011905,                   0,             0.74496,              0.6092,             0.67051,             0.27816,            0.046277,           0.0071421,                   0,           0.0098637,           0.0098637,           0.0098637
                  27,            0.049736,            0.011797,                   0,             0.69184,             0.64055,             0.66122,             0.27477,            0.045622,           0.0076485,                   0,           0.0098527,           0.0098527,           0.0098527
                  28,            0.049228,            0.012015,                   0,             0.77142,             0.63316,             0.70483,             0.30345,            0.044551,           0.0068906,                   0,           0.0098412,           0.0098412,           0.0098412
                  29,            0.048772,            0.011887,                   0,             0.78755,             0.61841,             0.70953,             0.30066,            0.044389,           0.0067793,                   0,           0.0098293,           0.0098293,           0.0098293
                  30,            0.048059,            0.011759,                   0,             0.78139,             0.63398,             0.72065,             0.31333,            0.044049,           0.0066563,                   0,            0.009817,            0.009817,            0.009817
                  31,            0.047946,            0.011567,                   0,             0.76341,             0.65912,              0.7251,             0.32255,            0.043526,           0.0065896,                   0,           0.0098042,           0.0098042,           0.0098042
                  32,            0.047411,            0.011546,                   0,             0.77443,             0.69097,             0.73368,             0.31754,            0.043311,           0.0066097,                   0,           0.0097911,           0.0097911,           0.0097911
                  33,            0.047372,            0.011256,                   0,             0.79157,             0.66903,             0.73604,             0.32185,            0.043291,           0.0064097,                   0,           0.0097775,           0.0097775,           0.0097775
                  34,            0.046806,            0.011556,                   0,              0.7639,             0.68031,             0.74196,             0.33695,            0.042261,           0.0065307,                   0,           0.0097635,           0.0097635,           0.0097635
                  35,            0.046369,            0.011359,                   0,             0.74812,             0.67398,             0.72041,             0.30707,            0.043622,           0.0066922,                   0,           0.0097491,           0.0097491,           0.0097491
                  36,            0.046489,            0.011249,                   0,             0.76603,             0.65027,             0.71513,             0.31974,            0.043405,           0.0067884,                   0,           0.0097343,           0.0097343,           0.0097343
                  37,            0.046271,            0.011182,                   0,             0.78784,             0.70796,             0.75479,             0.34429,            0.042138,           0.0064031,                   0,           0.0097191,           0.0097191,           0.0097191
                  38,            0.046511,            0.011317,                   0,             0.75063,             0.66809,             0.72226,             0.32224,            0.043428,           0.0070096,                   0,           0.0097035,           0.0097035,           0.0097035
                  39,            0.045791,            0.011062,                   0,             0.82005,             0.70124,              0.7762,             0.34962,            0.041317,            0.006211,                   0,           0.0096875,           0.0096875,           0.0096875
                  40,            0.046146,            0.010916,                   0,             0.81816,             0.70557,             0.77615,             0.34139,            0.041665,           0.0060833,                   0,            0.009671,            0.009671,            0.009671
                  41,            0.046048,            0.010927,                   0,             0.81924,             0.72425,             0.79075,             0.36337,            0.041201,           0.0065165,                   0,           0.0096542,           0.0096542,           0.0096542
                  42,            0.045697,            0.011062,                   0,             0.81201,             0.70486,             0.76925,              0.3534,            0.041196,           0.0062966,                   0,           0.0096369,           0.0096369,           0.0096369
                  43,            0.045358,            0.011082,                   0,             0.83363,             0.72212,             0.79975,             0.37673,            0.040061,           0.0061052,                   0,           0.0096193,           0.0096193,           0.0096193
                  44,            0.044578,            0.010983,                   0,             0.82257,             0.76956,             0.81098,              0.3853,            0.039559,           0.0060833,                   0,           0.0096013,           0.0096013,           0.0096013
                  45,            0.044604,            0.011093,                   0,             0.83462,              0.7539,             0.81021,              0.3853,            0.039479,           0.0059126,                   0,           0.0095828,           0.0095828,           0.0095828
                  46,            0.044595,            0.010899,                   0,               0.816,             0.71575,             0.79788,             0.37829,            0.040133,           0.0061076,                   0,            0.009564,            0.009564,            0.009564
                  47,            0.044858,            0.010838,                   0,             0.80691,             0.76034,             0.80536,             0.38175,            0.040455,           0.0060303,                   0,           0.0095448,           0.0095448,           0.0095448
                  48,            0.044222,            0.010767,                   0,             0.80765,             0.73723,             0.80007,             0.37068,             0.04038,            0.006068,                   0,           0.0095252,           0.0095252,           0.0095252
                  49,            0.044045,            0.010848,                   0,             0.82513,             0.75999,             0.81654,             0.39753,            0.038959,           0.0059294,                   0,           0.0095052,           0.0095052,           0.0095052
                  50,            0.043666,            0.010499,                   0,             0.85688,             0.77558,             0.83207,             0.40573,            0.038844,           0.0059256,                   0,           0.0094849,           0.0094849,           0.0094849
                  51,            0.043833,            0.010753,                   0,             0.84266,             0.74726,             0.81017,             0.39357,            0.038981,           0.0061717,                   0,           0.0094641,           0.0094641,           0.0094641
                  52,            0.043611,            0.010847,                   0,             0.83515,             0.78186,             0.82922,             0.41704,            0.038205,            0.005827,                   0,            0.009443,            0.009443,            0.009443
                  53,            0.043284,            0.010643,                   0,             0.86525,              0.7554,             0.82459,             0.40788,            0.038529,           0.0059255,                   0,           0.0094215,           0.0094215,           0.0094215
                  54,            0.042752,            0.010503,                   0,             0.85236,             0.80142,             0.85193,             0.42954,              0.0372,           0.0057505,                   0,           0.0093996,           0.0093996,           0.0093996
                  55,            0.042394,            0.010135,                   0,             0.83279,             0.75894,              0.8239,             0.39117,            0.038658,           0.0058963,                   0,           0.0093773,           0.0093773,           0.0093773
                  56,            0.043588,            0.010583,                   0,             0.85924,             0.78053,             0.83903,             0.41633,            0.037671,           0.0058561,                   0,           0.0093547,           0.0093547,           0.0093547
                  57,            0.042827,             0.01052,                   0,             0.81794,             0.80354,             0.84731,             0.42902,            0.037371,            0.005611,                   0,           0.0093317,           0.0093317,           0.0093317
                  58,            0.041797,            0.010277,                   0,             0.86189,             0.78301,             0.85591,             0.43033,            0.036888,           0.0055374,                   0,           0.0093083,           0.0093083,           0.0093083
                  59,            0.042141,            0.010403,                   0,             0.83067,              0.7953,             0.83964,             0.41588,            0.037727,           0.0057465,                   0,           0.0092846,           0.0092846,           0.0092846
                  60,            0.041969,            0.010185,                   0,             0.87099,             0.79822,             0.86632,             0.44117,            0.036293,           0.0054484,                   0,           0.0092605,           0.0092605,           0.0092605
                  61,            0.041815,            0.010275,                   0,             0.86722,             0.77947,             0.83923,             0.43211,            0.037184,           0.0057377,                   0,           0.0092361,           0.0092361,           0.0092361
                  62,            0.041763,            0.010401,                   0,             0.85395,             0.76995,             0.84251,             0.43687,            0.036952,           0.0056205,                   0,           0.0092113,           0.0092113,           0.0092113
                  63,            0.041504,            0.010305,                   0,             0.87366,             0.81097,             0.86697,             0.44051,            0.035937,           0.0053125,                   0,           0.0091861,           0.0091861,           0.0091861
                  64,             0.04147,            0.010376,                   0,              0.8585,             0.82896,             0.87524,             0.46181,            0.035385,           0.0054432,                   0,           0.0091606,           0.0091606,           0.0091606
                  65,            0.041643,            0.010231,                   0,             0.88252,             0.81168,             0.86572,             0.44932,            0.036058,           0.0054776,                   0,           0.0091348,           0.0091348,           0.0091348
                  66,            0.041388,            0.010235,                   0,             0.85946,             0.79882,             0.85509,              0.4414,            0.036102,           0.0055901,                   0,           0.0091086,           0.0091086,           0.0091086
                  67,            0.041176,            0.010466,                   0,             0.86268,             0.80505,             0.86277,             0.44937,            0.035804,            0.005507,                   0,           0.0090821,           0.0090821,           0.0090821
                  68,            0.040728,            0.010086,                   0,             0.87078,             0.83044,             0.86981,             0.45665,             0.03539,           0.0054517,                   0,           0.0090552,           0.0090552,           0.0090552
                  69,            0.041127,            0.010153,                   0,             0.84105,              0.8131,             0.86325,             0.45614,            0.035582,           0.0056306,                   0,            0.009028,            0.009028,            0.009028
                  70,             0.04125,           0.0099835,                   0,             0.90325,             0.82617,             0.87715,             0.46727,            0.034871,              0.0056,                   0,           0.0090004,           0.0090004,           0.0090004
                  71,            0.041081,            0.010183,                   0,             0.90399,             0.80177,             0.87941,             0.46131,             0.03511,           0.0052661,                   0,           0.0089726,           0.0089726,           0.0089726
                  72,            0.040555,             0.01022,                   0,             0.89896,              0.8315,             0.88934,             0.47761,            0.034238,           0.0053216,                   0,           0.0089444,           0.0089444,           0.0089444
                  73,             0.03975,           0.0098072,                   0,             0.86873,             0.83395,             0.87617,             0.47259,            0.034453,           0.0052482,                   0,           0.0089159,           0.0089159,           0.0089159
                  74,            0.040043,            0.010135,                   0,             0.87838,             0.86088,             0.89012,             0.48387,            0.034372,           0.0052281,                   0,            0.008887,            0.008887,            0.008887
                  75,            0.039678,           0.0099065,                   0,              0.8635,             0.84425,             0.88568,             0.48202,             0.03431,           0.0052091,                   0,           0.0088579,           0.0088579,           0.0088579
                  76,            0.039903,            0.010062,                   0,             0.89929,              0.8315,             0.89119,             0.48539,            0.034291,           0.0051788,                   0,           0.0088284,           0.0088284,           0.0088284
                  77,            0.039223,           0.0097582,                   0,             0.88328,              0.8669,              0.8991,             0.50077,            0.033233,           0.0050137,                   0,           0.0087987,           0.0087987,           0.0087987
                  78,            0.039106,           0.0098777,                   0,             0.87466,             0.84483,             0.88682,             0.48363,            0.034026,           0.0052749,                   0,           0.0087686,           0.0087686,           0.0087686
                  79,            0.039227,           0.0098804,                   0,             0.91126,             0.85061,             0.90047,             0.49943,            0.033209,            0.005234,                   0,           0.0087382,           0.0087382,           0.0087382
                  80,            0.039128,           0.0098248,                   0,             0.89729,             0.84732,             0.90119,             0.49696,             0.03351,           0.0051136,                   0,           0.0087075,           0.0087075,           0.0087075
                  81,            0.038748,            0.009837,                   0,             0.91544,             0.85487,             0.90452,             0.50747,            0.032793,           0.0050288,                   0,           0.0086765,           0.0086765,           0.0086765
                  82,            0.039106,           0.0097666,                   0,             0.88653,              0.8601,             0.89833,             0.49507,            0.033091,           0.0051113,                   0,           0.0086452,           0.0086452,           0.0086452
                  83,              0.0385,           0.0098344,                   0,             0.90022,             0.85911,             0.89969,             0.50691,            0.032823,           0.0052575,                   0,           0.0086137,           0.0086137,           0.0086137
                  84,            0.038966,           0.0095675,                   0,             0.89799,             0.86628,             0.91135,             0.51703,            0.032326,           0.0049335,                   0,           0.0085818,           0.0085818,           0.0085818
                  85,            0.039063,           0.0096567,                   0,             0.87216,             0.86459,             0.90045,              0.5056,            0.032518,            0.004948,                   0,           0.0085497,           0.0085497,           0.0085497
                  86,            0.037908,           0.0097447,                   0,             0.91422,             0.87257,              0.9159,             0.52029,            0.032054,           0.0049968,                   0,           0.0085173,           0.0085173,           0.0085173
                  87,            0.038483,           0.0096604,                   0,             0.92649,             0.86655,             0.91302,             0.51736,            0.032278,            0.004957,                   0,           0.0084846,           0.0084846,           0.0084846
                  88,            0.038664,           0.0096042,                   0,             0.89512,             0.86796,             0.90692,             0.51676,            0.032339,           0.0050931,                   0,           0.0084516,           0.0084516,           0.0084516
                  89,              0.0379,           0.0095625,                   0,             0.90589,             0.85869,               0.908,             0.50746,            0.032753,           0.0050183,                   0,           0.0084184,           0.0084184,           0.0084184
                  90,            0.038176,           0.0095858,                   0,             0.89173,             0.86002,             0.90375,             0.51978,            0.031942,           0.0049975,                   0,           0.0083849,           0.0083849,           0.0083849
                  91,            0.038289,           0.0096398,                   0,             0.92721,             0.86579,             0.91845,             0.52633,            0.031556,           0.0050042,                   0,           0.0083511,           0.0083511,           0.0083511
                  92,            0.038296,           0.0093701,                   0,             0.90231,             0.88281,             0.91534,             0.52035,            0.031876,           0.0049245,                   0,           0.0083171,           0.0083171,           0.0083171
                  93,            0.037494,           0.0096349,                   0,              0.9225,             0.87216,             0.91882,             0.53653,            0.031353,           0.0047954,                   0,           0.0082829,           0.0082829,           0.0082829
                  94,            0.037431,           0.0097806,                   0,             0.91406,             0.86619,             0.91306,             0.52466,            0.031411,           0.0049389,                   0,           0.0082483,           0.0082483,           0.0082483
                  95,            0.038023,           0.0094732,                   0,             0.92695,              0.8669,             0.91433,              0.5372,            0.030876,           0.0048163,                   0,           0.0082136,           0.0082136,           0.0082136
                  96,            0.036933,           0.0095234,                   0,             0.91836,             0.87504,             0.91814,             0.54344,            0.030966,           0.0047969,                   0,           0.0081786,           0.0081786,           0.0081786
                  97,            0.036713,           0.0092772,                   0,             0.89817,             0.89664,             0.92607,             0.54916,            0.030553,            0.004799,                   0,           0.0081433,           0.0081433,           0.0081433
                  98,            0.037166,           0.0094299,                   0,             0.91657,             0.89982,             0.92883,             0.54462,            0.030606,           0.0047686,                   0,           0.0081078,           0.0081078,           0.0081078
                  99,            0.036789,           0.0094104,                   0,             0.92703,             0.87858,             0.92556,              0.5408,            0.030328,           0.0048211,                   0,           0.0080721,           0.0080721,           0.0080721
                 100,            0.036467,           0.0096575,                   0,              0.9281,             0.89381,              0.9314,             0.55502,            0.030275,            0.004598,                   0,           0.0080362,           0.0080362,           0.0080362
                 101,            0.036448,           0.0094426,                   0,              0.9374,             0.89581,             0.93494,             0.55801,            0.030124,           0.0046767,                   0,               0.008,               0.008,               0.008
                 102,            0.036144,           0.0089784,                   0,             0.92144,             0.89805,             0.93322,              0.5593,            0.029807,           0.0047126,                   0,           0.0079636,           0.0079636,           0.0079636
                 103,            0.036446,           0.0094353,                   0,             0.92312,             0.90726,             0.93722,             0.56475,            0.029551,           0.0046085,                   0,            0.007927,            0.007927,            0.007927
                 104,            0.036135,           0.0092176,                   0,             0.94088,             0.89204,             0.93807,              0.5712,            0.029468,           0.0046333,                   0,           0.0078902,           0.0078902,           0.0078902
                 105,            0.036651,           0.0093483,                   0,             0.93265,             0.88885,             0.93034,             0.56685,            0.029407,           0.0046872,                   0,           0.0078532,           0.0078532,           0.0078532
                 106,            0.036532,           0.0091958,                   0,             0.92133,             0.89551,             0.92713,             0.56009,            0.029744,           0.0047483,                   0,            0.007816,            0.007816,            0.007816
                 107,            0.036005,           0.0092816,                   0,             0.93879,             0.89588,             0.93448,             0.57298,            0.029152,           0.0046015,                   0,           0.0077785,           0.0077785,           0.0077785
                 108,            0.035917,           0.0091909,                   0,             0.90958,             0.91186,             0.93471,             0.57307,            0.028981,           0.0045403,                   0,           0.0077409,           0.0077409,           0.0077409
                 109,            0.035761,           0.0091836,                   0,             0.92579,              0.8892,             0.93361,             0.56671,            0.029497,           0.0045618,                   0,           0.0077031,           0.0077031,           0.0077031
                 110,            0.035903,           0.0090916,                   0,             0.93157,             0.88566,             0.93351,              0.5731,            0.028831,           0.0045194,                   0,           0.0076651,           0.0076651,           0.0076651
                 111,            0.035706,           0.0090829,                   0,             0.93916,             0.90157,              0.9414,             0.57596,            0.029127,           0.0046084,                   0,           0.0076269,           0.0076269,           0.0076269
                 112,            0.035108,           0.0089029,                   0,             0.92796,             0.90159,             0.93724,             0.57406,            0.028713,           0.0045059,                   0,           0.0075886,           0.0075886,           0.0075886
                 113,            0.035285,           0.0090616,                   0,             0.93158,             0.90655,             0.94072,             0.58386,            0.028596,           0.0044842,                   0,           0.0075501,           0.0075501,           0.0075501
                 114,            0.035302,           0.0091519,                   0,             0.94277,             0.90159,             0.94112,             0.58544,            0.028104,           0.0044862,                   0,           0.0075114,           0.0075114,           0.0075114
                 115,            0.035408,           0.0089332,                   0,              0.9411,             0.90501,             0.94369,             0.59217,            0.027844,           0.0044401,                   0,           0.0074725,           0.0074725,           0.0074725
                 116,            0.035389,           0.0090314,                   0,             0.93574,             0.91231,             0.94503,             0.59046,            0.028037,           0.0043684,                   0,           0.0074335,           0.0074335,           0.0074335
                 117,            0.035342,           0.0088574,                   0,             0.94665,              0.9115,             0.94707,             0.59637,            0.027847,           0.0044739,                   0,           0.0073943,           0.0073943,           0.0073943
                 118,            0.035591,           0.0089562,                   0,             0.93734,             0.91608,             0.94341,             0.59759,              0.0278,           0.0044353,                   0,            0.007355,            0.007355,            0.007355
                 119,            0.035153,           0.0090356,                   0,             0.94862,             0.90867,             0.94541,             0.59791,            0.027835,           0.0043949,                   0,           0.0073155,           0.0073155,           0.0073155
                 120,            0.034656,             0.00886,                   0,              0.9458,             0.91646,             0.94826,             0.60086,             0.02754,           0.0043625,                   0,           0.0072758,           0.0072758,           0.0072758
                 121,            0.035074,           0.0087854,                   0,             0.94954,             0.91924,             0.95237,              0.6042,            0.027349,           0.0043736,                   0,           0.0072361,           0.0072361,           0.0072361
                 122,            0.035083,           0.0088999,                   0,             0.93426,                0.92,             0.94817,             0.60421,            0.027476,           0.0044008,                   0,           0.0071962,           0.0071962,           0.0071962
                 123,            0.034285,           0.0091132,                   0,             0.93851,             0.92956,             0.95105,             0.60962,            0.026872,           0.0043001,                   0,           0.0071561,           0.0071561,           0.0071561
                 124,            0.034686,           0.0087208,                   0,             0.94429,             0.92406,             0.94889,             0.60294,            0.027043,           0.0043058,                   0,            0.007116,            0.007116,            0.007116
                 125,            0.033493,           0.0088789,                   0,             0.93844,             0.92319,             0.95171,             0.60421,            0.026871,           0.0042782,                   0,           0.0070757,           0.0070757,           0.0070757
                 126,            0.034448,           0.0086943,                   0,              0.9457,             0.91858,              0.9521,             0.61073,            0.026662,           0.0042371,                   0,           0.0070353,           0.0070353,           0.0070353
                 127,            0.033732,           0.0089654,                   0,             0.95195,             0.92602,             0.95328,             0.61198,            0.026725,            0.004305,                   0,           0.0069948,           0.0069948,           0.0069948
                 128,             0.03373,           0.0088563,                   0,             0.95372,             0.91185,             0.95323,             0.61248,            0.026761,           0.0043251,                   0,           0.0069541,           0.0069541,           0.0069541
                 129,            0.033806,           0.0086777,                   0,             0.95236,              0.9292,             0.95447,             0.62407,            0.026254,           0.0042848,                   0,           0.0069134,           0.0069134,           0.0069134
                 130,            0.034065,           0.0086991,                   0,             0.96156,             0.92099,             0.95767,             0.62312,            0.026046,           0.0042132,                   0,           0.0068726,           0.0068726,           0.0068726
                 131,            0.034059,           0.0089013,                   0,             0.94989,             0.93268,             0.95411,             0.62631,             0.02628,           0.0042393,                   0,           0.0068316,           0.0068316,           0.0068316
                 132,            0.033286,           0.0086748,                   0,             0.95307,             0.92738,              0.9557,             0.62726,            0.026078,           0.0041981,                   0,           0.0067906,           0.0067906,           0.0067906
                 133,            0.033602,           0.0085884,                   0,             0.94217,             0.92885,             0.95551,             0.62592,            0.025998,           0.0041492,                   0,           0.0067495,           0.0067495,           0.0067495
                 134,            0.033467,           0.0087909,                   0,             0.94732,             0.93027,             0.95518,             0.62162,            0.026036,           0.0041901,                   0,           0.0067083,           0.0067083,           0.0067083
                 135,            0.033285,           0.0086332,                   0,             0.95483,             0.92814,              0.9572,             0.63138,            0.025974,           0.0041787,                   0,           0.0066671,           0.0066671,           0.0066671
                 136,            0.033144,            0.008547,                   0,             0.94804,             0.92602,             0.95461,             0.62993,            0.025822,           0.0042008,                   0,           0.0066257,           0.0066257,           0.0066257
                 137,            0.032389,            0.008784,                   0,              0.9425,             0.93522,             0.95909,             0.63302,            0.025545,           0.0041369,                   0,           0.0065843,           0.0065843,           0.0065843
                 138,            0.032911,           0.0084648,                   0,             0.94905,             0.92991,             0.95647,             0.63287,            0.025545,           0.0041349,                   0,           0.0065429,           0.0065429,           0.0065429
                 139,            0.033036,           0.0085182,                   0,             0.96202,             0.92319,             0.95688,             0.63802,            0.025377,           0.0040789,                   0,           0.0065013,           0.0065013,           0.0065013
                 140,            0.032852,           0.0086758,                   0,             0.97047,             0.91893,              0.9587,              0.6374,            0.025273,           0.0041461,                   0,           0.0064597,           0.0064597,           0.0064597
                 141,            0.032822,           0.0086054,                   0,              0.9504,             0.94336,             0.96082,             0.63581,            0.025509,           0.0040599,                   0,           0.0064181,           0.0064181,           0.0064181
                 142,            0.032189,           0.0083293,                   0,             0.95653,             0.93481,             0.96007,             0.63878,            0.025477,           0.0040349,                   0,           0.0063764,           0.0063764,           0.0063764
                 143,            0.032011,           0.0084993,                   0,             0.95544,             0.94195,              0.9624,              0.6483,            0.024713,            0.003996,                   0,           0.0063347,           0.0063347,           0.0063347
                 144,            0.032335,           0.0084259,                   0,             0.95537,             0.94973,             0.96517,             0.64968,            0.024752,           0.0040508,                   0,            0.006293,            0.006293,            0.006293
                 145,            0.032503,           0.0084816,                   0,              0.9601,             0.94541,             0.96489,             0.65594,            0.024421,           0.0040166,                   0,           0.0062512,           0.0062512,           0.0062512
                 146,             0.03229,           0.0081657,                   0,             0.95825,             0.94245,             0.96499,             0.65506,            0.024403,           0.0039812,                   0,           0.0062093,           0.0062093,           0.0062093
                 147,            0.032272,           0.0083971,                   0,             0.95829,             0.94338,             0.96413,             0.65956,            0.024122,           0.0039611,                   0,           0.0061675,           0.0061675,           0.0061675
                 148,            0.032469,            0.008188,                   0,             0.96248,             0.94442,              0.9629,             0.65107,            0.024359,           0.0039899,                   0,           0.0061256,           0.0061256,           0.0061256
                 149,            0.032364,           0.0084445,                   0,             0.96906,             0.94227,             0.96431,             0.65323,            0.024394,           0.0039748,                   0,           0.0060838,           0.0060838,           0.0060838
                 150,             0.03193,           0.0084077,                   0,             0.96314,             0.94335,             0.96557,             0.66078,             0.02389,           0.0039831,                   0,           0.0060419,           0.0060419,           0.0060419
                 151,             0.03239,           0.0083289,                   0,             0.97014,             0.94336,             0.96684,             0.66353,            0.023767,           0.0039365,                   0,               0.006,               0.006,               0.006
                 152,            0.032064,           0.0085429,                   0,             0.96445,             0.95071,             0.96662,             0.66569,            0.023757,           0.0039406,                   0,           0.0059581,           0.0059581,           0.0059581
                 153,            0.031872,           0.0082752,                   0,             0.96227,             0.94794,             0.96582,             0.66465,            0.023707,           0.0039186,                   0,           0.0059162,           0.0059162,           0.0059162
                 154,            0.031289,           0.0082022,                   0,              0.9607,             0.95175,             0.96516,             0.66729,            0.023494,           0.0038624,                   0,           0.0058744,           0.0058744,           0.0058744
                 155,            0.031557,           0.0081957,                   0,             0.96559,             0.94371,             0.96693,              0.6686,            0.023481,           0.0038552,                   0,           0.0058325,           0.0058325,           0.0058325
                 156,            0.031582,            0.008232,                   0,             0.96365,             0.94973,             0.96722,             0.66681,            0.023524,           0.0038833,                   0,           0.0057907,           0.0057907,           0.0057907
                 157,              0.0308,           0.0082253,                   0,             0.96954,             0.94653,             0.96547,             0.67165,            0.023291,           0.0038433,                   0,           0.0057488,           0.0057488,           0.0057488
                 158,             0.03117,           0.0083527,                   0,             0.96176,             0.94407,              0.9649,             0.67394,            0.023283,           0.0038483,                   0,            0.005707,            0.005707,            0.005707
                 159,            0.030829,           0.0083356,                   0,             0.96174,             0.95217,             0.96604,             0.67517,             0.02312,           0.0038334,                   0,           0.0056653,           0.0056653,           0.0056653
                 160,            0.031366,           0.0081945,                   0,             0.97342,             0.94652,              0.9666,               0.682,             0.02292,           0.0038381,                   0,           0.0056236,           0.0056236,           0.0056236
                 161,            0.031321,           0.0080689,                   0,             0.96643,             0.94832,             0.96832,             0.68212,            0.022756,           0.0038152,                   0,           0.0055819,           0.0055819,           0.0055819
                 162,            0.030959,           0.0080068,                   0,             0.95649,             0.94935,             0.96579,             0.67803,            0.022924,           0.0038208,                   0,           0.0055403,           0.0055403,           0.0055403
                 163,            0.030957,           0.0080725,                   0,             0.96229,             0.94938,             0.96798,             0.68302,            0.022729,           0.0038453,                   0,           0.0054987,           0.0054987,           0.0054987
                 164,            0.031002,            0.008092,                   0,             0.97191,             0.94655,             0.96948,             0.68791,            0.022656,           0.0037675,                   0,           0.0054571,           0.0054571,           0.0054571
                 165,            0.030339,           0.0080643,                   0,             0.96814,             0.94832,             0.96875,             0.68621,            0.022721,           0.0037309,                   0,           0.0054157,           0.0054157,           0.0054157
                 166,            0.030434,           0.0081672,                   0,              0.9692,             0.94832,             0.96889,             0.68819,            0.022508,           0.0037517,                   0,           0.0053743,           0.0053743,           0.0053743
                 167,            0.030417,           0.0080594,                   0,             0.96617,             0.95033,              0.9681,             0.68848,            0.022372,           0.0037703,                   0,           0.0053329,           0.0053329,           0.0053329
                 168,            0.030777,           0.0081386,                   0,             0.97278,             0.94894,             0.96966,             0.69115,            0.022307,           0.0037247,                   0,           0.0052917,           0.0052917,           0.0052917
                 169,              0.0306,           0.0079436,                   0,              0.9637,              0.9515,              0.9692,             0.68788,            0.022532,           0.0037433,                   0,           0.0052505,           0.0052505,           0.0052505
                 170,            0.029908,           0.0079971,                   0,             0.96595,             0.95392,             0.96809,             0.69236,            0.022278,           0.0037003,                   0,           0.0052094,           0.0052094,           0.0052094
                 171,            0.030029,           0.0080808,                   0,             0.96345,             0.95327,             0.96918,             0.69094,            0.022295,            0.003686,                   0,           0.0051684,           0.0051684,           0.0051684
                 172,             0.03012,           0.0078085,                   0,             0.96527,             0.95421,             0.97042,             0.69396,            0.022155,           0.0036785,                   0,           0.0051274,           0.0051274,           0.0051274
                 173,            0.030018,           0.0081523,                   0,              0.9683,             0.95138,             0.97104,             0.69657,            0.021922,           0.0036839,                   0,           0.0050866,           0.0050866,           0.0050866
                 174,            0.029586,           0.0079073,                   0,             0.97422,             0.95009,             0.97093,              0.6995,            0.021829,           0.0036789,                   0,           0.0050459,           0.0050459,           0.0050459
                 175,            0.029784,           0.0079893,                   0,             0.96423,             0.95429,             0.96997,             0.69917,            0.021755,           0.0036584,                   0,           0.0050052,           0.0050052,           0.0050052
                 176,              0.0295,            0.007822,                   0,             0.96521,             0.95398,             0.97163,             0.70367,            0.021501,           0.0036336,                   0,           0.0049647,           0.0049647,           0.0049647
                 177,            0.030096,           0.0080012,                   0,             0.96805,             0.95467,             0.97195,             0.70238,            0.021598,           0.0036423,                   0,           0.0049243,           0.0049243,           0.0049243
                 178,            0.029474,           0.0079991,                   0,             0.96504,             0.95746,                0.97,             0.70625,            0.021435,           0.0036304,                   0,            0.004884,            0.004884,            0.004884
                 179,            0.029049,            0.007657,                   0,             0.96908,             0.95413,             0.97046,              0.7023,            0.021566,           0.0036332,                   0,           0.0048439,           0.0048439,           0.0048439
                 180,            0.029565,           0.0078907,                   0,             0.97012,             0.95504,             0.97063,             0.70421,            0.021459,           0.0036381,                   0,           0.0048038,           0.0048038,           0.0048038
                 181,            0.029729,           0.0078494,                   0,             0.96844,             0.95595,             0.97131,             0.70824,            0.021194,           0.0036161,                   0,           0.0047639,           0.0047639,           0.0047639
                 182,            0.029637,           0.0077298,                   0,             0.96989,             0.96071,             0.97156,             0.71343,            0.021088,           0.0035842,                   0,           0.0047242,           0.0047242,           0.0047242
                 183,            0.028802,           0.0078179,                   0,             0.97681,             0.95433,             0.97245,             0.71165,            0.021012,           0.0035758,                   0,           0.0046845,           0.0046845,           0.0046845
                 184,            0.029347,           0.0076954,                   0,             0.97195,             0.95752,             0.97255,             0.71285,            0.020984,           0.0035882,                   0,            0.004645,            0.004645,            0.004645
                 185,            0.029033,           0.0076978,                   0,             0.97429,             0.95255,             0.97115,             0.71423,            0.020973,           0.0035638,                   0,           0.0046057,           0.0046057,           0.0046057
                 186,            0.028979,           0.0077514,                   0,             0.97266,             0.95752,             0.97377,             0.71885,            0.020734,           0.0035292,                   0,           0.0045665,           0.0045665,           0.0045665
                 187,            0.028961,           0.0078093,                   0,             0.97442,             0.95752,             0.97402,             0.72029,            0.020692,           0.0035301,                   0,           0.0045275,           0.0045275,           0.0045275
                 188,            0.028927,           0.0078234,                   0,             0.97233,             0.95965,             0.97177,             0.72239,            0.020546,           0.0035216,                   0,           0.0044886,           0.0044886,           0.0044886
                 189,            0.028573,           0.0077565,                   0,             0.97002,             0.96212,             0.97332,             0.72339,            0.020508,           0.0035049,                   0,           0.0044499,           0.0044499,           0.0044499
                 190,            0.029105,           0.0076419,                   0,             0.96939,             0.96423,             0.97176,              0.7232,             0.02038,           0.0034853,                   0,           0.0044114,           0.0044114,           0.0044114
                 191,            0.029007,            0.007717,                   0,             0.96661,             0.96318,             0.97175,             0.72517,            0.020271,           0.0034788,                   0,           0.0043731,           0.0043731,           0.0043731
                 192,            0.028578,           0.0075686,                   0,              0.9744,             0.95752,               0.973,             0.72651,            0.020101,           0.0034904,                   0,           0.0043349,           0.0043349,           0.0043349
                 193,            0.028661,           0.0076371,                   0,             0.96994,             0.96035,             0.97116,             0.72915,            0.020009,           0.0034918,                   0,           0.0042969,           0.0042969,           0.0042969
                 194,            0.028321,           0.0075784,                   0,             0.96859,             0.96068,             0.97212,             0.72798,            0.019994,           0.0035091,                   0,           0.0042591,           0.0042591,           0.0042591
                 195,            0.028193,           0.0076174,                   0,             0.97113,             0.96459,             0.97511,             0.72736,            0.020017,           0.0034785,                   0,           0.0042215,           0.0042215,           0.0042215
                 196,            0.028271,           0.0075148,                   0,             0.97446,             0.95965,             0.97306,             0.72947,            0.019991,           0.0034635,                   0,            0.004184,            0.004184,            0.004184
                 197,            0.028156,           0.0075251,                   0,             0.97311,             0.96068,             0.97396,             0.73126,            0.019908,           0.0034483,                   0,           0.0041468,           0.0041468,           0.0041468
                 198,            0.028011,           0.0076232,                   0,             0.97204,             0.96106,               0.973,             0.73456,            0.019829,           0.0034243,                   0,           0.0041098,           0.0041098,           0.0041098
                 199,            0.028257,            0.007614,                   0,             0.96725,             0.96389,             0.97435,             0.73551,             0.01974,           0.0034186,                   0,            0.004073,            0.004073,            0.004073
                 200,            0.028158,            0.007562,                   0,             0.97069,             0.96137,             0.97479,             0.73746,            0.019631,           0.0033879,                   0,           0.0040364,           0.0040364,           0.0040364
                 201,            0.027635,           0.0075976,                   0,             0.97038,             0.96283,             0.97452,             0.73766,            0.019565,           0.0033824,                   0,               0.004,               0.004,               0.004
                 202,            0.027698,           0.0075709,                   0,             0.97346,             0.96067,             0.97616,             0.73769,             0.01951,             0.00337,                   0,           0.0039638,           0.0039638,           0.0039638
                 203,            0.027649,           0.0074617,                   0,             0.97247,              0.9628,             0.97655,              0.7391,            0.019459,           0.0033709,                   0,           0.0039279,           0.0039279,           0.0039279
                 204,             0.02752,           0.0074673,                   0,             0.97248,             0.96317,             0.97654,              0.7404,            0.019419,           0.0033696,                   0,           0.0038922,           0.0038922,           0.0038922
                 205,            0.027706,           0.0074505,                   0,             0.97205,             0.96035,             0.97432,             0.74218,            0.019265,           0.0033722,                   0,           0.0038567,           0.0038567,           0.0038567
                 206,            0.027628,           0.0075068,                   0,             0.97405,              0.9568,             0.97376,             0.74146,            0.019309,           0.0033581,                   0,           0.0038214,           0.0038214,           0.0038214
                 207,            0.027634,           0.0074825,                   0,             0.97352,             0.96315,             0.97307,             0.74119,            0.019291,           0.0033547,                   0,           0.0037864,           0.0037864,           0.0037864
                 208,            0.027812,            0.007383,                   0,             0.97831,             0.96035,              0.9764,             0.74539,            0.019182,           0.0033489,                   0,           0.0037517,           0.0037517,           0.0037517
                 209,            0.027856,           0.0074379,                   0,             0.96944,             0.96779,             0.97558,             0.74845,            0.019059,           0.0033411,                   0,           0.0037171,           0.0037171,           0.0037171
                 210,            0.027112,           0.0076053,                   0,             0.97522,             0.96141,               0.975,             0.74715,            0.018986,           0.0033399,                   0,           0.0036829,           0.0036829,           0.0036829
                 211,            0.026666,           0.0074055,                   0,             0.97897,             0.96071,             0.97579,             0.74699,            0.018928,           0.0033289,                   0,           0.0036489,           0.0036489,           0.0036489
                 212,            0.027354,           0.0072981,                   0,             0.97939,              0.9589,              0.9767,             0.74726,            0.018825,           0.0033102,                   0,           0.0036151,           0.0036151,           0.0036151
                 213,            0.026805,           0.0072165,                   0,             0.97428,             0.96564,              0.9772,             0.74868,            0.018719,           0.0032938,                   0,           0.0035816,           0.0035816,           0.0035816
                 214,            0.026678,           0.0074199,                   0,             0.97324,             0.96673,             0.97656,             0.74988,            0.018672,           0.0032879,                   0,           0.0035484,           0.0035484,           0.0035484
                 215,            0.027244,           0.0072748,                   0,             0.97054,             0.96778,             0.97693,             0.75353,            0.018609,           0.0032881,                   0,           0.0035154,           0.0035154,           0.0035154
                 216,            0.026779,           0.0072644,                   0,             0.97369,              0.9646,             0.97839,             0.75334,            0.018613,           0.0032848,                   0,           0.0034827,           0.0034827,           0.0034827
                 217,            0.026853,           0.0072217,                   0,             0.97328,             0.96716,             0.97892,             0.75548,            0.018498,            0.003272,                   0,           0.0034503,           0.0034503,           0.0034503
                 218,            0.026773,           0.0071908,                   0,             0.97845,             0.96424,             0.97952,             0.75641,             0.01838,           0.0032631,                   0,           0.0034182,           0.0034182,           0.0034182
                 219,            0.026832,            0.007221,                   0,             0.98118,             0.96071,             0.97972,             0.75725,            0.018305,           0.0032509,                   0,           0.0033863,           0.0033863,           0.0033863
                 220,            0.026969,           0.0073631,                   0,             0.97566,             0.96493,             0.97905,             0.75918,            0.018252,           0.0032388,                   0,           0.0033548,           0.0033548,           0.0033548
                 221,            0.026911,           0.0071543,                   0,             0.97326,             0.96626,             0.97774,             0.75775,            0.018207,           0.0032303,                   0,           0.0033235,           0.0033235,           0.0033235
                 222,            0.026368,           0.0070912,                   0,             0.97781,             0.96706,             0.98004,             0.76044,            0.018156,           0.0032209,                   0,           0.0032925,           0.0032925,           0.0032925
                 223,            0.026787,           0.0071114,                   0,             0.97992,              0.9673,             0.98045,             0.76111,            0.018127,           0.0032063,                   0,           0.0032618,           0.0032618,           0.0032618
                 224,             0.02636,           0.0069953,                   0,             0.98022,             0.96495,             0.97987,             0.76423,            0.018035,           0.0032009,                   0,           0.0032314,           0.0032314,           0.0032314
                 225,            0.026238,           0.0071843,                   0,             0.98057,             0.96456,               0.979,              0.7645,            0.017968,           0.0032034,                   0,           0.0032013,           0.0032013,           0.0032013
                 226,            0.026398,           0.0072015,                   0,             0.97804,             0.96708,             0.97892,             0.76377,             0.01799,           0.0031948,                   0,           0.0031716,           0.0031716,           0.0031716
                 227,            0.026515,            0.007136,                   0,             0.98062,             0.96728,              0.9784,             0.76406,            0.017928,           0.0031968,                   0,           0.0031421,           0.0031421,           0.0031421
                 228,            0.026271,           0.0071878,                   0,             0.98156,             0.96531,             0.97852,             0.76571,            0.017833,           0.0031739,                   0,            0.003113,            0.003113,            0.003113
                 229,            0.026081,           0.0070967,                   0,             0.98472,             0.96142,             0.97765,              0.7659,            0.017777,           0.0031669,                   0,           0.0030841,           0.0030841,           0.0030841
                 230,            0.025862,           0.0070295,                   0,             0.98376,             0.96637,             0.98036,             0.76774,            0.017695,           0.0031535,                   0,           0.0030556,           0.0030556,           0.0030556
                 231,            0.025428,           0.0070503,                   0,             0.98276,             0.96883,             0.98102,             0.77033,            0.017638,           0.0031471,                   0,           0.0030274,           0.0030274,           0.0030274
                 232,            0.025919,           0.0071609,                   0,             0.98414,             0.96636,               0.981,             0.76972,            0.017594,           0.0031319,                   0,           0.0029996,           0.0029996,           0.0029996
                 233,            0.026237,           0.0071131,                   0,             0.98071,             0.97239,             0.98139,             0.76958,            0.017602,           0.0031299,                   0,            0.002972,            0.002972,            0.002972
                 234,            0.025967,           0.0070837,                   0,             0.98557,             0.96991,             0.98246,             0.77084,            0.017523,           0.0031205,                   0,           0.0029448,           0.0029448,           0.0029448
                 235,            0.025762,           0.0071552,                   0,             0.98352,             0.97239,             0.98249,             0.77218,            0.017426,           0.0031018,                   0,           0.0029179,           0.0029179,           0.0029179
                 236,             0.02579,           0.0070381,                   0,             0.98249,             0.97343,             0.98274,             0.77388,            0.017383,           0.0030949,                   0,           0.0028914,           0.0028914,           0.0028914
                 237,            0.025283,           0.0070127,                   0,             0.98112,             0.97479,             0.98252,              0.7752,            0.017314,           0.0030896,                   0,           0.0028652,           0.0028652,           0.0028652
                 238,            0.025095,           0.0071509,                   0,             0.98041,             0.97416,             0.98202,             0.77751,            0.017204,           0.0030791,                   0,           0.0028394,           0.0028394,           0.0028394
                 239,            0.025501,           0.0069741,                   0,              0.9817,             0.97204,             0.98185,             0.77755,            0.017162,           0.0030685,                   0,           0.0028139,           0.0028139,           0.0028139
                 240,            0.025823,           0.0072757,                   0,              0.9863,              0.9681,             0.98236,             0.77852,            0.017155,           0.0030625,                   0,           0.0027887,           0.0027887,           0.0027887
                 241,            0.025008,           0.0069733,                   0,             0.98453,             0.97097,             0.98266,             0.77879,            0.017081,           0.0030566,                   0,           0.0027639,           0.0027639,           0.0027639
                 242,            0.025729,           0.0070847,                   0,             0.98549,             0.97027,             0.98261,             0.77929,            0.017069,           0.0030517,                   0,           0.0027395,           0.0027395,           0.0027395
                 243,            0.025117,           0.0071698,                   0,             0.98247,             0.97233,             0.98254,             0.77949,            0.017031,           0.0030462,                   0,           0.0027154,           0.0027154,           0.0027154
                 244,            0.024934,           0.0068626,                   0,             0.98701,              0.9685,             0.98261,             0.77957,            0.016979,           0.0030402,                   0,           0.0026917,           0.0026917,           0.0026917
                 245,            0.025166,           0.0069032,                   0,             0.98771,             0.96814,              0.9827,             0.77972,            0.016931,           0.0030368,                   0,           0.0026683,           0.0026683,           0.0026683
                 246,            0.025034,           0.0068715,                   0,             0.98835,             0.96637,             0.98226,             0.78132,             0.01689,           0.0030327,                   0,           0.0026453,           0.0026453,           0.0026453
                 247,            0.025514,           0.0071446,                   0,             0.98735,             0.96708,             0.98259,             0.78083,            0.016876,            0.003032,                   0,           0.0026227,           0.0026227,           0.0026227
                 248,            0.025143,           0.0071338,                   0,             0.98275,             0.97133,              0.9827,             0.78205,            0.016813,            0.003023,                   0,           0.0026004,           0.0026004,           0.0026004
                 249,            0.024848,           0.0070582,                   0,             0.98489,              0.9692,             0.98292,             0.78433,            0.016731,           0.0030191,                   0,           0.0025785,           0.0025785,           0.0025785
                 250,             0.02505,           0.0070061,                   0,             0.98421,             0.97096,             0.98315,             0.78356,            0.016665,           0.0030187,                   0,            0.002557,            0.002557,            0.002557
                 251,            0.024937,           0.0069757,                   0,             0.98522,             0.96991,             0.98322,             0.78636,            0.016597,           0.0030152,                   0,           0.0025359,           0.0025359,           0.0025359
                 252,            0.024985,           0.0068913,                   0,             0.98416,             0.96991,             0.98288,             0.78747,            0.016513,           0.0030079,                   0,           0.0025151,           0.0025151,           0.0025151
                 253,            0.024735,           0.0069332,                   0,             0.98416,             0.96956,             0.98303,             0.78924,            0.016445,           0.0030046,                   0,           0.0024948,           0.0024948,           0.0024948
                 254,            0.024677,           0.0069361,                   0,             0.98491,             0.97025,             0.98333,             0.79154,            0.016387,           0.0030016,                   0,           0.0024748,           0.0024748,           0.0024748
                 255,            0.024669,           0.0068612,                   0,             0.98349,             0.97027,             0.98327,             0.79064,             0.01637,           0.0029989,                   0,           0.0024552,           0.0024552,           0.0024552
                 256,            0.024584,            0.006919,                   0,              0.9856,             0.96991,             0.98341,             0.79153,            0.016342,           0.0029921,                   0,            0.002436,            0.002436,            0.002436
                 257,            0.024282,           0.0068786,                   0,              0.9845,             0.96956,             0.98323,             0.79143,            0.016285,           0.0029798,                   0,           0.0024172,           0.0024172,           0.0024172
                 258,            0.024755,           0.0069419,                   0,              0.9849,             0.96989,             0.98318,             0.79434,            0.016241,           0.0029707,                   0,           0.0023987,           0.0023987,           0.0023987
                 259,            0.024454,           0.0067981,                   0,             0.98488,             0.97027,             0.98335,             0.79462,            0.016195,            0.002964,                   0,           0.0023807,           0.0023807,           0.0023807
                 260,            0.024569,           0.0069179,                   0,             0.98491,             0.97059,             0.98332,             0.79518,             0.01617,           0.0029574,                   0,           0.0023631,           0.0023631,           0.0023631
                 261,            0.024405,           0.0065857,                   0,             0.98457,             0.97132,             0.98384,             0.79614,            0.016155,           0.0029531,                   0,           0.0023458,           0.0023458,           0.0023458
                 262,            0.024602,           0.0066645,                   0,             0.98525,             0.96991,             0.98349,             0.79555,            0.016159,           0.0029518,                   0,            0.002329,            0.002329,            0.002329
                 263,            0.024104,            0.006627,                   0,             0.98076,             0.97451,             0.98339,             0.79578,            0.016124,           0.0029472,                   0,           0.0023125,           0.0023125,           0.0023125
                 264,            0.024129,           0.0069243,                   0,             0.98146,             0.97451,             0.98328,             0.79451,            0.016105,           0.0029444,                   0,           0.0022965,           0.0022965,           0.0022965
                 265,            0.024285,           0.0067371,                   0,             0.98318,             0.97416,             0.98353,             0.79405,            0.016086,           0.0029381,                   0,           0.0022809,           0.0022809,           0.0022809
                 266,            0.024841,           0.0067067,                   0,             0.98495,             0.97306,              0.9838,             0.79495,            0.016058,            0.002934,                   0,           0.0022657,           0.0022657,           0.0022657
                 267,            0.024171,           0.0066815,                   0,             0.98457,             0.97274,             0.98364,               0.796,            0.016024,           0.0029284,                   0,           0.0022509,           0.0022509,           0.0022509
                 268,            0.024215,           0.0069389,                   0,             0.98384,             0.97274,             0.98416,             0.79764,            0.015969,           0.0029221,                   0,           0.0022365,           0.0022365,           0.0022365
                 269,            0.023927,           0.0065985,                   0,             0.98425,             0.97344,             0.98387,             0.79828,            0.015895,           0.0029123,                   0,           0.0022225,           0.0022225,           0.0022225
                 270,            0.023653,           0.0066738,                   0,             0.98321,             0.97487,             0.98378,             0.79918,            0.015832,           0.0029034,                   0,           0.0022089,           0.0022089,           0.0022089
                 271,            0.023612,           0.0066026,                   0,             0.98422,             0.97274,             0.98371,             0.80087,            0.015757,           0.0028935,                   0,           0.0021958,           0.0021958,           0.0021958
                 272,            0.024078,           0.0065635,                   0,             0.98625,             0.96991,             0.98338,             0.80162,            0.015697,           0.0028871,                   0,            0.002183,            0.002183,            0.002183
                 273,            0.023799,           0.0066582,                   0,             0.98632,             0.96954,             0.98333,             0.80164,            0.015648,           0.0028798,                   0,           0.0021707,           0.0021707,           0.0021707
                 274,            0.023883,           0.0065967,                   0,             0.98422,             0.97239,             0.98374,             0.80314,            0.015599,           0.0028751,                   0,           0.0021588,           0.0021588,           0.0021588
                 275,            0.023461,           0.0065133,                   0,             0.98215,             0.97487,             0.98373,             0.80345,            0.015566,           0.0028661,                   0,           0.0021473,           0.0021473,           0.0021473
                 276,            0.023795,           0.0067046,                   0,             0.98321,             0.97449,             0.98376,             0.80398,            0.015533,           0.0028609,                   0,           0.0021363,           0.0021363,           0.0021363
                 277,            0.023812,           0.0067225,                   0,             0.98286,             0.97449,             0.98373,             0.80531,            0.015506,           0.0028564,                   0,           0.0021257,           0.0021257,           0.0021257
                 278,            0.023872,           0.0067479,                   0,              0.9825,             0.97487,             0.98378,             0.80534,            0.015485,           0.0028529,                   0,           0.0021155,           0.0021155,           0.0021155
                 279,             0.02358,           0.0067528,                   0,             0.98456,             0.97239,             0.98346,             0.80519,            0.015461,           0.0028493,                   0,           0.0021057,           0.0021057,           0.0021057
                 280,            0.023856,           0.0067381,                   0,             0.98217,             0.97522,             0.98362,             0.80439,            0.015451,           0.0028474,                   0,           0.0020963,           0.0020963,           0.0020963
                 281,             0.02376,           0.0067535,                   0,             0.98495,             0.97345,              0.9842,             0.80541,            0.015423,           0.0028429,                   0,           0.0020874,           0.0020874,           0.0020874
                 282,            0.023583,           0.0064938,                   0,             0.98565,             0.97273,             0.98414,             0.80654,            0.015399,           0.0028401,                   0,           0.0020789,           0.0020789,           0.0020789
                 283,            0.023945,           0.0064428,                   0,             0.98112,             0.97517,             0.98392,             0.80722,            0.015378,           0.0028386,                   0,           0.0020709,           0.0020709,           0.0020709
                 284,             0.02365,           0.0066807,                   0,             0.98182,              0.9752,             0.98416,             0.80865,            0.015339,           0.0028342,                   0,           0.0020632,           0.0020632,           0.0020632
                 285,            0.023735,           0.0067045,                   0,             0.98555,             0.97239,             0.98419,             0.80828,             0.01532,           0.0028336,                   0,            0.002056,            0.002056,            0.002056
                 286,             0.02371,           0.0066578,                   0,             0.98565,             0.97235,              0.9845,             0.80932,            0.015295,           0.0028296,                   0,           0.0020492,           0.0020492,           0.0020492
                 287,            0.023468,           0.0065102,                   0,             0.98459,             0.97238,              0.9841,              0.8095,            0.015264,           0.0028261,                   0,           0.0020429,           0.0020429,           0.0020429
                 288,             0.02321,           0.0063949,                   0,             0.98041,             0.97699,             0.98415,             0.80949,            0.015224,           0.0028233,                   0,            0.002037,            0.002037,            0.002037
                 289,            0.023551,           0.0065341,                   0,             0.98115,             0.97628,             0.98435,             0.80997,            0.015187,           0.0028171,                   0,           0.0020315,           0.0020315,           0.0020315
                 290,             0.02351,           0.0066206,                   0,             0.98079,             0.97593,             0.98465,             0.81174,            0.015155,           0.0028129,                   0,           0.0020265,           0.0020265,           0.0020265
                 291,            0.023367,             0.00662,                   0,             0.98074,             0.97558,             0.98411,             0.81236,            0.015118,           0.0028099,                   0,           0.0020219,           0.0020219,           0.0020219
                 292,            0.023324,           0.0064336,                   0,             0.98322,             0.97486,             0.98439,             0.81367,            0.015076,           0.0028066,                   0,           0.0020178,           0.0020178,           0.0020178
                 293,            0.023361,           0.0066943,                   0,             0.98452,             0.97487,              0.9851,             0.81361,            0.015033,           0.0028016,                   0,            0.002014,            0.002014,            0.002014
                 294,             0.02367,           0.0065217,                   0,             0.98497,             0.97487,             0.98525,             0.81328,            0.014994,           0.0027966,                   0,           0.0020107,           0.0020107,           0.0020107
                 295,            0.023281,           0.0065081,                   0,             0.98498,             0.97522,              0.9851,             0.81393,            0.014976,           0.0027939,                   0,           0.0020079,           0.0020079,           0.0020079
                 296,            0.023233,           0.0065026,                   0,             0.98498,             0.97515,             0.98513,             0.81375,            0.014946,           0.0027906,                   0,           0.0020055,           0.0020055,           0.0020055
                 297,             0.02337,           0.0064794,                   0,             0.98532,             0.97699,             0.98541,             0.81537,            0.014917,           0.0027867,                   0,           0.0020035,           0.0020035,           0.0020035
                 298,            0.023216,           0.0064291,                   0,             0.98465,             0.97664,             0.98523,             0.81569,            0.014903,           0.0027836,                   0,            0.002002,            0.002002,            0.002002
                 299,            0.023303,           0.0066417,                   0,             0.98465,             0.97627,             0.98456,             0.81673,            0.014884,           0.0027816,                   0,           0.0020009,           0.0020009,           0.0020009
